{"cameraMode":{"drawMode":0,"name":"Shaded","section":"Shading Mode"},"sceneLighting":false,"audioPlay":false,"sceneViewState":{"showFog":false,"showMaterialUpdate":false,"showSkybox":false,"showFlares":false,"showImageEffects":false,"showParticleSystems":false},"in2DMode":false,"pivot":{"x":-1.5543187856674195,"y":0.854715883731842,"z":-0.08910617232322693},"rotation":{"x":0.09735231846570969,"y":0.4515930116176605,"z":-0.04964803159236908,"w":0.8855063319206238},"size":2.184624433517456,"orthographic":false}