{"cameraMode":{"drawMode":0,"name":"Shaded","section":"Shading Mode"},"sceneLighting":false,"audioPlay":false,"sceneViewState":{"showFog":false,"showMaterialUpdate":false,"showSkybox":false,"showFlares":false,"showImageEffects":false,"showParticleSystems":false},"in2DMode":false,"pivot":{"x":-4.6082258224487309,"y":33.35591125488281,"z":-58.76902770996094},"rotation":{"x":-0.15161730349063874,"y":-0.10033518821001053,"z":0.015472467988729477,"w":-0.9832119941711426},"size":1.4464458227157593,"orthographic":false}