{"cameraMode":{"drawMode":0,"name":"Shaded","section":"Shading Mode"},"sceneLighting":false,"audioPlay":false,"sceneViewState":{"showFog":false,"showMaterialUpdate":false,"showSkybox":false,"showFlares":false,"showImageEffects":false,"showParticleSystems":false},"in2DMode":false,"pivot":{"x":0.0022745728492736818,"y":0.18034875392913819,"z":-0.05932110548019409},"rotation":{"x":0.09735231846570969,"y":0.4515930116176605,"z":-0.04964803159236908,"w":0.8855063319206238},"size":2.3163633346557619,"orthographic":false}