{"cameraMode":{"drawMode":0,"name":"Shaded","section":"Shading Mode"},"sceneLighting":true,"audioPlay":false,"sceneViewState":{"showFog":false,"showMaterialUpdate":false,"showSkybox":false,"showFlares":false,"showImageEffects":false,"showParticleSystems":false},"in2DMode":false,"pivot":{"x":0.8265104293823242,"y":0.022651612758636476,"z":2.037846565246582},"rotation":{"x":-0.18100391328334809,"y":0.3991340398788452,"z":-0.08070075511932373,"w":-0.8952190279960632},"size":8.753495216369629,"orthographic":false}